favorite_count,retweet_count,tweet_id
33710,6975,892420643555336193
29237,5276,892177421306343426
21983,3466,891815181378084864
36809,7197,891689557279858688
35192,7721,891327558926688256
17754,2589,891087950875897856
10336,1648,890971913173991426
56686,15689,890729181411237888
24433,3605,890609185150312448
27860,6074,890240255349198849
26957,6115,890006608113172480
24494,4142,889880896479866881
41888,8306,889665388333682689
23590,3701,889638837579907072
13316,1874,889531135344209921
22038,4424,889278841981685760
25537,3745,888917238123831296
22398,3517,888804989199671297
17257,2865,888554962724278272
19105,2885,888078434458587136
26541,4520,887705289381826560
40602,9814,887517139158093824
59997,14962,887473957103951883
29501,8780,887343217045368832
26901,4972,887101392804085760
30263,6289,886983233522544640
10461,2618,886736880519319552
19664,3722,886680336477933568
18493,2614,886366144734445568
105,4,886267009285017600
24438,5259,886258384151887873
0,93,886054160059072513
28486,5590,885984800019947520
31498,5308,885528943205470208
17949,3100,885518971528720385
0,15377,885311592912609280
19194,3654,885167619883638784
67063,14950,884925521741709313
24312,4641,884876753390489601
21254,3896,884562892145688576
23794,4778,884441805382717440
63042,16833,884247878851493888
17898,2493,884162670584377345
19099,2849,883838122936631299
40059,8230,883482846933004288
19885,3061,883360690899218434
32400,5512,883117836046086144
20923,3231,882992080364220416
24701,4080,882762694511734784
24537,5045,882627270321602560
39066,9586,882268110199369728
25636,4069,882045870035918850
21386,2841,881906580714921986
44418,8919,881666595344535552
113,8,881633300179243008
43310,13353,881536004380872706
20437,4485,881268444196462592
15003,2326,880935762899988482
18665,3193,880872448815771648
24938,5194,880465832366813184
23585,3450,880221127280381952
24241,3637,880095782870896641
19644,2916,879862464715927552
282,9,879674319642796034
20656,2619,879492040517615616
92549,37291,879415818425184262
14809,2635,879376492567855104
0,5714,879130579576475649
19751,3935,879050749262655488
16732,2232,879008229531029506
17085,3421,878776093423087618
26358,5900,878604707211726852
0,1073,878404777348136964
0,5502,878316110768087041
6759,1073,878281511006478336
37033,5714,878057613040115712
69075,15740,877736472329191424
0,70,877611172832227328
19844,3154,877556246731214848
24080,4323,877316821321428993
23801,4604,877201837425926144
18176,2795,876838120628539392
20999,3963,876537666061221889
16515,1991,876484053909872640
24619,3890,876120275196170240
22039,3569,875747767867523072
19374,4133,875144289856114688
24177,5096,875097192612077568
22496,3955,875021211251597312
24531,3908,874680097055178752
0,12162,874434818259525634
22898,3472,874296783580663808
20057,3369,874057562936811520
30036,8554,874012996292530176
21321,3333,873580283840344065
0,1327,873337748698140672
6300,1327,873213775632977920
23989,4546,872967104147763200
13038,3158,872820683541237760
18279,3058,872620804844003328
36009,7689,872486979161796608
30119,6806,872122724285648897
32992,9212,871879754684805121
17828,2959,871762521631449091
17847,2927,871515927908634625
0,4880,871166179821445120
18493,4658,871102520638267392
20107,3214,871032628920680449
29722,5266,870804317367881728
105,3,870726314365509632
10861,2190,870656317836468226
73749,22666,870374049280663552
19430,3536,870308999962521604
32330,7052,870063196459192321
37914,8662,869772420881756160
24977,5366,869702957897576449
14149,2629,869596645499047938
18092,3192,869227993411051520
57777,12205,868880397819494401
0,1744,868639477480148993
23582,4447,868622495443632128
8941,1744,868552278524837888
21541,3554,867900495410671616
30179,6228,867774946302451713
14306,2109,867421006826221569
0,100,867072653475098625
28621,6755,867051520902168576
17817,4120,866720684873056260
17079,2953,866686824827068416
108550,30071,866450705531457537
46448,12162,866334964761202691
0,7138,866094527597207552
22861,4818,865718153858494464
23532,4272,865359393868664832
24976,6637,865006731092295680
28771,7477,864873206498414592
13035,2571,864279568663928832
26567,7558,864197398364647424
18388,3579,863907417377173506
13639,3613,863553081350529029
0,2085,863471782782697472
21232,4545,863432100342583297
1955,80,863427515083354112
7881,949,863079547188785154
7503,2085,863062471531167744
17188,4446,862831371563274240
15284,3077,862722525377298433
18229,4232,862457590147678208
66088,19916,862096992088072192
32203,9232,861383897657036800
15315,3577,861288531465048066
14952,3322,861005113778896900
0,1850,860981674716409858
0,676,860924035999428608
6705,1850,860563773140209665
21203,4587,860524505164394496
16538,3057,860276583193509888
14970,5107,860184849394610176
0,26629,860177593139703809
17592,3573,859924526012018688
13950,3060,859851578198683649
16797,1361,859607811541651456
80327,26184,859196978902773760
30352,11925,859074603037188101
0,7057,858860390427611136
14084,3019,858843525470990336
19428,4244,858471635011153920
14199,2534,858107933456039936
14462,2261,857989990357356544
30730,9317,857746408056729600
5294,1436,857393404942143489
18211,3960,857263160327368704
203,16,857214891891077121
0,146,857062103051644929
17007,3473,857029823797047296
14796,2534,856543823941562368
10800,1651,856526610513747968
488,15,856288084350160898
25175,5565,856282028240666624
303,21,855862651834028034
4397,848,855860136149123072
10838,1854,855857698524602368
41820,16082,855851453814013952
24232,4800,855818117272018944
27035,7286,855459453768019968
0,5251,855245323840757760
0,36,855138241867124737
20634,5331,854732716440526848
26516,6001,854482394044301312
17159,4135,854365224396361728
29168,6574,854120357044912130
14809,2786,854010172552949760
26020,5105,853760880890318849
31469,8843,853639147608842240
14135,3162,853299958564483072
0,1783,852936405516943360
8231,1593,852912242202992640
13616,1905,852672615818899456
14867,3102,852553447878664193
30290,8847,852311364735569921
18312,6074,852226086759018497
10558,1416,852189679701164033
14928,3122,851591660324737024
22227,6293,851464819735769094
18995,5161,851224888060895234
28082,8058,850753642995093505
12054,2325,850380195714523136
3186,301,850333567704068097
15021,3387,850145622816686080
18744,4357,850019790995546112
27872,6800,849776966551130114
0,4435,849668094696017920
14653,2822,849412302885593088
10543,1684,849336543269576704
38931,7604,849051919805034497
23231,3914,848690551926992896
22789,4143,848324959059550208
7533,644,848213670039564288
15011,2712,848212111729840128
0,2914,847978865427394560
0,394,847971574464610304
21700,4563,847962785489326080
5004,1186,847842811428974592
6458,376,847617282490613760
17325,3075,847606175596138505
18936,3909,847251039262605312
18343,5243,847157206088847362
19841,2870,847116187444137987
18587,3542,846874817362120707
41096,10354,846514051647705089
13046,2755,846505985330044928
29042,8149,846153765933735936
28755,9146,846139713627017216
14788,2582,846042936437604353
26970,7845,845812042753855489
23393,4372,845677943972139009
7077,1618,845397057150107648
21577,4847,845306882940190720
0,6929,845098359547420673
12653,2306,844979544864018432
13912,2843,844973813909606400
15271,2807,844580511645339650
12679,1986,844223788422217728
14087,2698,843981021012017153
19926,4164,843856843873095681
15668,2476,843604394117681152
19931,5389,843235543001513987
14194,3311,842846295480000512
6284,1175,842765311967449089
16886,3168,842535590457499648
22692,5251,842163532590374912
13010,2756,842115215311396866
0,13533,841833993020538882
24006,7143,841680585030541313
11704,3309,841439858740625411
18388,5012,841320156043304961
14720,4227,841314665196081154
21302,4880,841077006473256960
0,1619,840761248237133825
0,14567,840728873075638272
163,2,840698636975636481
11462,889,840696689258311684
8415,1619,840632337062862849
15315,4171,840370681858686976
17862,5205,840268004936019968
12516,2063,839990271299457024
25529,7057,839549326359670784
0,132,839290600511926273
25190,5924,839239871831150596
18339,3658,838952994649550848
10406,1853,838921590096166913
0,31,838916489579200512
0,10001,838831947270979586
10233,1230,838561493054533637
20937,4334,838476387338051585
0,9159,838201503651401729
1567,302,838150277551247360
133,1,838085839343206401
16437,2834,838083903487373313
31788,7138,837820167694528512
3600,405,837482249356513284
11968,2058,837471256429613056
15052,2175,837110210464448512
11930,2108,836989968035819520
18095,4256,836753516572119041
11830,2020,836677758902222849
0,507,836648853927522308
0,25030,836397794269200385
13883,2745,836380477523124226
19921,3975,836260088725786625
17863,3881,836001077879255040
0,7404,835685285446955009
16620,3293,835574547218894849
0,1540,835536468978302976
0,19121,835309094223372289
15409,2734,835297930240217089
7219,1540,835264098648616962
1988,63,835246439529840640
24529,5286,835172783151792128
20908,2755,835152434251116546
10082,1488,834931633769889797
20186,5104,834786237630337024
12790,2307,834574053763584002
0,9745,834477809192075265
9020,1544,834458053273591808
19208,4318,834209720923721728
14808,3358,834167344700198914
9430,1961,834089966724603904
12219,2037,834086379323871233
12597,2205,833863086058651648
17052,3483,833826103416520705
0,204,833732339549220864
19645,2993,833722901757046785
13980,1886,833479644947025920
18962,4435,833124694597443584
12401,2008,832998151111966721
0,38,832769181346996225
15824,3314,832757312314028032
11114,2663,832682457690300417
2732,484,832645525019123713
14863,2555,832636094638288896
11218,2035,832397543355072512
16049,2914,832369877331693569
10634,2140,832273440279240704
0,5710,832215909146226688
0,8571,832215726631055365
59,2,832088576586297345
0,8805,832040443403784192
16741,4296,832032802820481025
22445,5648,831939777352105988
319,34,831926988323639298
25788,5958,831911600680497154
9773,1686,831670449226514432
6668,1783,831650051525054464
8442,2157,831552930092285952
8737,1440,831322785565769729
6162,1036,831315979191906304
11065,2258,831309418084069378
11132,1885,831262627380748289
7498,1373,830956169170665475
62220,15377,830583320585068544
0,5226,830173239259324417
9138,2688,830097400375152640
0,4590,829878982036299777
11496,1790,829861396166877184
29826,9745,829501995190984704
9852,1856,829449946868879360
22864,6749,829141528400556032
50164,15062,829011960981237760
0,3150,828801551087042563
24025,5383,828770345708580865
34163,10296,828708714936930305
8932,1233,828650029636317184
6033,1078,828409743546925057
7235,1182,828408677031882754
11839,2055,828381636999917570
6972,991,828376505180889089
11842,2721,828372645993398273
2065,165,828361771580813312
11023,2648,828046555563323392
9751,1981,828011680017821696
18802,4813,827933404142436356
14557,2787,827653905312006145
7050,863,827600520311402496
14912,2799,827324948884643840
9972,2056,827199976799354881
20260,4590,826958653328592898
33970,9310,826848821049180160
0,3671,826615380357632002
4849,229,826598799820865537
9425,2173,826598365270007810
17332,3887,826476773533745153
12503,2412,826240494070030336
4586,855,826204788643753985
14706,2859,826115272272650244
9905,1735,825876512159186944
11989,2324,825829644528148480
53830,16308,825535076884762624
17207,4168,825147591692263424
0,1165,825120256414846976
5891,1165,825026590719483904
0,5078,824796380199809024
14027,3259,824775126675836928
9922,1637,824663926340194305
11147,9858,824325613288833024
14186,3557,824297048279236611
4569,556,824025158776213504
10039,2523,823939628516474880
0,10317,823719002937630720
13165,2331,823699002998870016
12225,2434,823581115634085888
660,22,823333489516937216
14779,3708,823322678127919110
0,9187,823269594223824897
16329,3190,822975315408461824
123726,39786,822872901745569793
12417,2106,822859134160621569
0,5936,822647212903690241
13932,2722,822610361945911296
17064,5936,822489057087389700
26218,13087,822462944365645825
33012,9187,822244816520155136
0,4356,822163064745328640
10649,2132,821886076407029760
0,3115,821813639212650496
7888,1555,821765923262631936
7548,1626,821522889702862852
0,5113,821421320206483457
11074,3980,821407182352777218
236,9,821153421864615936
8088,1821,821149554670182400
9037,1967,821107785811234820
11914,2117,821044531881721856
0,6216,820837357901512704
29734,9159,820749716845686786
11559,2992,820690176645140481
0,521,820494788566847489
0,2383,820446719150292993
3152,521,820314633777061888
18583,5764,820078625395449857
0,1079,820013781606658049
5007,1079,819952236453363712
12196,4529,819924195358416896
12569,2860,819711362133872643
9132,1865,819588359383371776
6816,1115,819347104292290561
2134,379,819238181065359361
21741,6216,819227688460238848
0,34436,819015337530290176
0,17734,819015331746349057
42898,17734,819006400881917954
82431,34436,819004803107983360
0,19369,818646164899774465
21165,7038,818627210458333184
9276,2346,818614493328580609
0,5669,818588835076603904
10247,2264,818536468981415936
0,7423,818307523543449600
10387,2073,818259473185828864
11589,2361,818145370475810820
4597,739,817908911860748288
48464,25030,817827839487737858
10200,2513,817777686764523521
11083,2720,817536400337801217
0,3131,817502432452313088
31746,13533,817423860136083457
5284,885,817415592588222464
0,7834,817181837579653120
8284,1857,817171292965273600
11509,2406,817120970343411712
8107,1510,817056546584727552
0,4372,816829038950027264
9450,1886,816816676327063552
9212,2047,816697700272001025
28581,7423,816450570814898180
8148,1795,816336735214911488
8461,1980,816091915477250048
0,942,816062466425819140
0,4862,816014286006976512
4676,942,815990720817401858
21069,7834,815966073409433600
0,3844,815745968457060357
9276,2109,815736392542261248
7800,1547,815639385530101762
9799,3553,815390420867969024
7242,1183,814986499976527872
10668,2515,814638523311648768
0,5440,814578408554463233
8201,1734,814530161257443328
27171,8082,814153002265309185
0,2944,813944609378369540
8833,1725,813910438903693312
34526,12991,813812741911748608
7867,1640,813800681631023104
17628,6827,813217897535406080
8743,1700,813202720496779264
18762,4033,813187593374461952
8779,1803,813172488309972993
7359,2059,813157409116065792
8061,2237,813142292504645637
4254,418,813130366689148928
11179,2913,813127251579564032
9774,2555,813112105746448384
10008,3372,813096984823349248
9403,2586,813081950185472002
7528,1821,813066809284972545
19877,6818,813051746834595840
7128,1784,812781120811126785
6278,1348,812709060537683968
5726,1147,812503143955202048
7557,1796,812466873996607488
12895,3413,812372279581671427
6893,1304,811985624773361665
7139,1468,811744202451197953
5299,680,811647686436880384
12036,2840,811627233043480576
19803,5958,811386762094317568
5041,1328,810984652412424192
8510,1639,810896069567610880
10402,2461,810657578271330305
33209,10467,810284430598270976
13935,3150,810254108431155201
14745,3671,809920764300447744
0,4557,809808892968534016
6590,1362,809448704142938112
18824,5226,809220051211603969
12525,3285,809084759137812480
9619,2857,808838249661788160
7471,2029,808733504066486276
10728,2452,808501579447930884
40069,19369,808344865868283904
0,5492,808134635716833280
8367,2062,808106460588765185
11809,3296,808001312164028416
13807,3374,807621403335917568
111267,51455,807106840509214720
0,6864,807059379405148160
12432,3618,807010152071229440
70354,32240,806629075125202948
0,5124,806620845233815552
4648,1818,806576416489959424
9708,2211,806542213899489280
0,10838,806242860592926720
6119,1131,806219024703037440
0,4995,805958939288408065
7869,1795,805932879469572096
6217,1710,805826884734976000
0,7435,805823200554876929
5465,1547,805520635690676224
8323,2370,805487436403003392
7458,1623,805207613751304193
12944,3591,804738756058218496
5823,1885,804475857670639616
0,2999,804413760345620481
41927,14985,804026241225523202
9518,2579,803773340896923648
0,6901,803692223237865472
10351,3872,803638050916102144
7369,1764,803380650405482500
0,4938,803321560782307329
9514,2289,803276597545603072
8557,1867,802952499103731712
0,2715,802624713319034886
6748,1377,802600418706604034
8494,2349,802572683846291456
15300,5456,802323869084381190
6605,1288,802265048156610565
8627,2451,802239329049477120
0,250,802185808107208704
7349,1592,801958328846974976
1721,218,801854953262350336
7797,1948,801538201127157760
5722,770,801285448605831168
23110,5492,801167903437357056
0,3691,801127390143516673
7663,1982,801115127852503040
644,90,800859414831898624
0,1511,800855607700029440
10067,2618,800751577355128832
12461,2817,800513324630806528
9021,2055,800459316964663297
0,4010,800443802682937345
10577,2630,800388270626521089
0,3680,800188575492947969
14479,2383,800141422401830912
26817,12262,800018252395122689
0,4353,799774291445383169
7947,1998,799757965289017345
7671,1793,799422933579902976
0,5059,799308762079035393
9364,2551,799297110730567681
7676,2335,799063482566066176
12391,4143,798933969379225600
7146,1355,798925684722855936
0,6189,798705661114773508
0,7211,798701998996647937
0,6073,798697898615730177
0,4627,798694562394996736
0,2172,798686750113755136
0,4418,798682547630837760
0,5203,798673117451325440
0,3667,798665375516884993
0,1737,798644042770751489
0,1857,798628517273620480
0,5254,798585098161549313
0,5459,798576900688019456
0,3131,798340744599797760
9901,2418,798209839306514432
10922,2880,797971864723324932
13841,4604,797545162159308800
18874,6134,797236660651966464
212,24,797165961484890113
0,8332,796904159865868288
7285,1825,796865951799083009
11172,2820,796759840936919040
0,6708,796563435802726400
7166,1644,796484825502875648
10429,3877,796387464403357696
0,13322,796177847564038144
30420,13322,796149749086875649
4725,1680,796125600683540480
8615,2244,796116448414461957
8002,2158,796080075804475393
10238,3492,796031486298386433
46623,21885,795464331001561088
9475,2675,795400264262053889
15307,5078,795076730285391872
0,3148,794983741416415232
9651,2153,794926597468000259
0,9629,794355576146903043
9108,2532,794332329137291264
8749,3102,794205286408003585
15864,4557,793962221541933056
8743,1739,793845145112371200
0,2918,793614319594401792
7556,1511,793601777308463104
10087,2225,793500921481273345
23290,8571,793286476301799424
8231,2239,793271401113350145
18872,7771,793256262322548741
9957,3064,793241302385262592
9261,2706,793226087023144960
8452,2600,793210959003287553
14407,5256,793195938047070209
6544,1858,793180763617361921
8876,2620,793165685325201412
5834,1592,793150605191548928
6060,2348,793135492858580992
11987,3669,793120401413079041
13548,3698,792913359805018113
10682,3991,792883833364439040
6981,1569,792773781206999040
12678,4004,792394556390137856
6758,1665,792050063153438720
0,19626,791821351946420224
0,8849,791784077045166082
0,3544,791780927877898241
42631,20684,791774931465953280
11117,2918,791672322847637504
12461,3844,791406955684368384
8301,2358,791312159183634433
0,3792,791026214425268224
9282,1981,790987426131050500
15826,4372,790946055508652032
0,2139,790723298204217344
7780,1798,790698755171364864
19493,6622,790581949425475584
7407,1763,790337589677002753
11865,2944,790277117346975746
0,3294,790227638568808452
8784,2139,789986466051088384
0,3808,789960241177853952
9757,3871,789903600034189313
7057,1638,789628658055020548
6361,1787,789599242079838210
11056,3148,789530877013393408
8179,2130,789314372632018944
0,4575,789280767834746880
8629,2435,789268448748703744
9206,2600,789137962068021249
26001,11674,788908386943430656
25833,9629,788765914992902144
0,6632,788552643979468800
14674,4908,788412144018661376
6873,1967,788178268662984705
5780,1196,788150585577050112
0,3200,788070120937619456
5776,1220,788039637453406209
8128,2831,787810552592695296
9691,2577,787717603741622272
10300,2657,787397959788929025
7373,1621,787322443945877504
0,6279,787111942498508800
25213,7404,786963064373534720
0,2269,786729988674449408
17326,5710,786709082849828864
10027,2359,786664955043049472
8957,2903,786595970293370880
10256,3206,786363235746385920
7546,2635,786286427768250368
14366,4356,786233965241827333
1352,145,786051337297522688
0,6480,786036967502913536
10773,2974,785927819176054784
6324,1667,785872687017132033
7437,2100,785639753186217984
8557,1832,785533386513321988
5775,1157,785515384317313025
6890,1513,785264754247995392
11331,4481,785170936622350336
9551,2999,784826020293709826
8471,2355,784517518371221505
5433,1181,784431430411685888
18896,7435,784183165795655680
28008,10317,784057939640352768
28305,10001,783839966405230592
6952,1821,783821107061198850
9835,2981,783695101801398276
7945,2072,783466772167098368
15958,5073,783391753726550016
0,5131,783347506784731136
27393,10838,783334639985389568
7709,2017,783085703974514689
22752,6864,782969140009107456
7054,1315,782747134529531904
16238,4995,782722598790725632
7369,1763,782598640137187329
15670,5113,782305867769217024
0,5709,782021823840026624
10540,3126,781955203444699136
9842,2510,781661882474196992
3764,1047,781655249211752448
19526,5124,781524693396357120
6722,2376,781308096455073793
7897,1922,781251288990355457
9245,2572,781163403222056960
20439,6708,780931614150983680
6781,1855,780858289093574656
5175,1198,780800785462489090
11400,3115,780601303617732608
5935,1623,780543529827336192
0,3411,780496263422808064
0,103,780476555013349377
4981,999,780459368902959104
8186,2076,780192070812196864
0,2120,780092040432480260
11391,4556,780074436359819264
17703,6480,779834332596887552
8234,2873,779377524342161408
0,16942,779124354206535695
13845,4192,779056095788752897
18697,6631,778990705243029504
0,9113,778774459159379968
819,337,778764940568104960
6435,1203,778748913645780993
5407,1384,778650543019483137
4331,940,778624900596654080
12831,3994,778408200802557953
0,11289,778396591732486144
5488,1018,778383385161035776
9717,3054,778286810187399168
7965,2454,778039087836069888
6181,1490,778027034220126208
0,3255,777953400541634568
5984,1511,777885040357281792
10585,2715,777684233540206592
0,3905,777641927919427584
8197,2331,777621514455814149
13268,3972,777189768882946048
0,12540,776819012571455488
4597,1111,776813020089548800
8220,2549,776477788987613185
0,8415,776249906839351296
28018,14647,776218204058357768
9001,2328,776201521193218049
11074,4010,776113305656188928
1713,141,776088319444877312
0,15463,775898661951791106
11005,2454,775842724423557120
13036,3691,775733305207554048
12239,4261,775729183532220416
6924,2707,775364825476165632
9548,3614,775350846108426240
14588,4353,775085132600442880
8113,1650,774757898236878852
6347,1610,774639387460112384
20474,5059,774314403806253056
10129,3574,773985732834758656
6042,1617,773922284943896577
6221,1494,773704687002451968
5045,1220,773670353721753600
20773,5669,773547596996571136
0,4653,773336787167145985
21914,6929,773308824254029826
8858,2992,773247561583001600
9355,3791,773191612633579521
8026,3568,772877495989305348
7554,2201,772826264096874500
0,3106,772615324260794368
6088,1579,772581559778025472
5664,1285,772193107915964416
3581,1048,772152991789019136
3540,686,772117678702071809
2576,440,772114945936949249
3764,861,772102971039580160
6162,1749,771908950375665664
11250,3131,771770456517009408
7749,2414,771500966810099713
9886,4653,771380798096281600
0,6868,771171053431250945
8581,2700,771136648247640064
5848,1325,771102124360998913
6464,1533,771014301343748096
4604,1100,770787852854652928
4876,1320,770772759874076672
6904,1663,770655142660169732
5926,1921,770414278348247044
5836,1351,770293558247038976
0,2803,770093767776997377
7123,2117,770069151037685760
29214,8805,769940425801170949
6024,1558,769695466921623552
0,7104,769335591808995329
5070,1592,769212283578875904
13360,5975,768970937022709760
0,2429,768909767477751808
3920,819,768855141948723200
3844,1094,768609597686943744
4726,1184,768596291618299904
0,5367,768554158521745409
12743,3150,768473857036525572
10155,3255,768193404517830656
4457,1262,767884188863397888
14941,4938,767754930266464257
7028,2141,767500508068192258
11501,3456,767191397493538821
9522,2629,767122157629476866
4732,1249,766793450729734144
2458,345,766714921925144576
3785,727,766693177336135680
5616,1449,766423258543644672
6325,1728,766313316352462849
0,2410,766078092750233600
3926,770,766069199026450432
3524,456,766008592277377025
6785,1984,765719909049503744
4844,1128,765669560888528897
25051,3097,765395769549590528
6663,1997,765371061932261376
10893,3106,765222098633691136
6063,1642,764857477905154048
5620,1383,764259802650378240
730,49,763956972077010945
11722,3792,763837565564780549
5045,1352,763183847194451968
0,2741,763167063695355904
6904,2109,763103485927849985
11332,3294,762699858130116608
10483,5884,762471784394268675
9616,3808,762464539388485633
4492,1027,762316489655476224
29735,14238,762035686371364864
5029,1817,761976711479193600
0,3575,761750502866649088
4005,792,761745352076779520
46162,26629,761672994376806400
3874,1096,761599872357261312
0,16584,761371037149827077
4813,1332,761334018830917632
4175,998,761292947749015552
4985,1437,761227390836215808
10623,3200,761004547850530816
3564,886,760893934457552897
6162,1743,760656994973933572
4660,1185,760641137271070720
7060,3324,760539183865880579
3912,1278,760521673607086080
25009,10530,760290219849637889
3696,795,760252756032651264
5336,1644,760190180481531904
0,28,760153949710192640
5516,1925,759943073749200896
6271,1793,759846353224826880
5566,1756,759793422261743616
4388,1101,759557299618865152
7923,2269,759447681597108224
1560,453,759446261539934208
5688,1798,759197388317847553
0,1065,759159934323924993
13589,3807,759099523532779520
6055,1844,759047813560868866
3318,838,758854675097526272
10448,3541,758828659922702336
5366,1496,758740312047005698
3548,912,758474966123810816
4466,2026,758467244762497024
4862,1757,758405701903519748
3144,956,758355060040593408
17658,9113,758099635764359168
2523,338,758041019896193024
6389,3015,757741869644341248
0,7184,757729163776290825
4244,1108,757725642876129280
4284,1004,757611664640446465
0,277,757597904299253760
4063,954,757596066325864448
14109,6296,757400162377592832
5430,1574,757393109802180609
4201,1298,757354760399941633
5857,1829,756998049151549440
6194,1831,756939218950160384
4686,1190,756651752796094464
9681,3287,756526248105566208
3684,1002,756303284449767430
41093,16257,756288534030475264
5964,1402,756275833623502848
6811,2618,755955933503782912
15261,4891,755206590534418437
19678,10153,755110668769038337
0,7217,754874841593970688
6430,2306,754856583969079297
2409,476,754747087846248448
4917,1785,754482103782404096
3496,671,754449512966619136
7368,2157,754120377874386944
5438,1986,753655901052166144
7318,3228,753420520834629632
5342,1724,753398408988139520
7118,2120,753375668877008896
0,5188,753298634498793472
3122,955,753294487569522689
34508,19121,753039830821511168
3642,874,753026973505581056
11729,6279,752932432744185856
6494,1437,752917284578922496
0,2609,752701944171524096
5585,1455,752682090207055872
4070,1418,752660715232722944
5106,2078,752568224206688256
6837,3148,752519690950500352
3587,1006,752334515931054080
0,14861,752309394570878976
5530,1667,752173152931807232
2841,830,751950017322246144
4821,1195,751937170840121344
5427,1784,751830394383790080
5380,2608,751793661361422336
7391,2822,751598357617971201
4094,1001,751583847268179968
4702,1144,751538714308972544
2997,920,751456908746354688
11704,5372,751251247299190784
5892,1661,751205363882532864
4719,1180,751132876104687617
4444,1242,750868782890057730
12227,4575,750719632563142656
4127,1046,750506206503038976
12279,3905,750429297815552001
4256,1038,750383411068534784
668,26,750381685133418496
2901,873,750147208377409536
3356,1174,750132105863102464
4040,1204,750117059602808832
2838,773,750101899009982464
2022,490,750086836815486976
7231,3023,750071704093859840
2949,817,750056684286914561
2955,565,750041628174217216
2523,717,750026558547456000
3000,819,750011400160841729
2822,754,749996283729883136
4770,2271,749981277374128128
4345,1205,749774190421639168
5662,1507,749417653287129088
2433,489,749403093750648834
7944,3143,749395845976588288
5085,2039,749317047558017024
5354,1878,749075273010798592
4491,1401,749064354620928000
2876,728,749036806121881602
10000,3124,748977405889503236
5398,2052,748932637671223296
2579,873,748705597323898880
4398,1452,748699167502000129
3944,1224,748692773788876800
5619,1802,748575535303884801
2042,606,748568946752774144
4840,1119,748346686624440324
7039,3723,748337862848962560
3444,689,748324050481647620
3437,652,748307329658011649
13104,7085,748220828303695873
5369,1950,747963614829678593
6160,2346,747933425676525569
2713,878,747885874273214464
2621,673,747844099428986880
4490,1053,747816857231626240
1270,143,747651430853525504
11935,5306,747648653817413632
2165,520,747600769478692864
3412,946,747594051852075008
5110,1470,747512671126323200
3582,938,747461612269887489
5025,1749,747439450712596480
0,2620,747242308580548608
4878,1433,747219827526344708
3117,828,747204161125646336
8863,3611,747103485104099331
2710,269,746906459439529985
5552,1935,746872823977771008
4939,1591,746818907684614144
4512,1456,746790600704425984
8816,3544,746757706116112384
5618,1633,746726898085036033
4675,1741,746542875601690625
0,898,746521445350707200
4336,989,746507379341139972
5748,1482,746369468511756288
6373,1992,746131877086527488
3314,738,746056683365994496
3656,961,745789745784041472
6487,2120,745712589599014916
6527,2300,745433870967832576
7930,2190,745422732645535745
6593,2473,745314880350101504
7244,3176,745074613265149952
6736,2048,745057283344719872
2734,566,744995568523612160
7283,2435,744971049620602880
5210,1430,744709971296780288
6323,1924,744334592493166593
144332,70374,744234799360020481
1531,324,744223424764059648
3886,1000,743980027717509120
3397,875,743895849529389061
0,1862,743835915802583040
4151,1268,743609206067040256
16906,5939,743595368194129920
3269,859,743545585370791937
7401,3410,743510151680958465
3923,1116,743253157753532416
5719,1728,743222593470234624
3553,1232,743210557239623680
6540,3269,742534281772302336
4091,1790,742528092657332225
6735,3587,742465774154047488
9071,3411,742423170473463808
6273,1772,742385895052087300
3988,1242,742161199639494656
4699,1394,742150209887731712
4208,1380,741793263812808706
7533,2489,741743634094141440
3409,744,741438259667034112
8109,2910,741303864243200000
9201,5004,741099773336379392
8836,2803,741067306818797568
5811,2460,740995100998766593
3140,859,740711788199743490
2644,706,740699697422163968
16796,6189,740676976021798912
32486,12096,740373189193256964
2242,385,740365076218183684
3044,794,740359016048689152
6173,1780,740214038584557568
18455,5367,739979191639244800
3746,983,739932936087216128
3517,785,739844404073074688
3491,1236,739623569819336705
4977,1490,739606147276148736
36386,19198,739544079319588864
6584,2635,739485634323156992
106850,52665,739238157791694849
89,6,738891149612572673
3495,1042,738885046782832640
3036,719,738883359779196928
4693,1392,738537504001953792
3003,737,738402415918125056
3965,1104,738184450748633089
8050,3028,738166403467907072
2279,583,738156290900254721
4820,1601,737826014890496000
9245,3162,737800304142471168
4622,1193,737678689543020544
9423,4043,737445876994609152
3315,730,737322739594330112
13492,6732,737310737551491075
3869,1537,736736130620620800
16299,6632,736392552031657984
3655,1110,736365877722001409
7474,2535,736225175608430592
7232,2694,736010884653420544
3292,1032,735991953473572864
3723,1007,735648611367784448
5649,2137,735635087207878657
12017,4533,735274964362878976
3056,801,735256018284875776
2873,877,735137028879360001
2538,471,734912297295085568
11536,5742,734787690684657664
2312,487,734776360183431168
1373,353,734559631394082816
3300,714,733828123016450049
3384,922,733822306246479872
2875,852,733482008106668032
3867,1135,733460102733135873
49252,15463,733109485275860992
2224,481,732732193018155009
3287,794,732726085725589504
3353,712,732585889486888962
7417,2275,732375214819057664
13663,4862,732005617171337216
3216,899,731285275100512256
3542,1140,731156023742988288
5629,1781,730924654643314689
4454,1909,730573383004487680
3195,937,730427201120833536
3481,956,730211855403241472
4435,1700,730196704625098752
3710,1011,729854734790754305
1600,338,729838605770891264
3647,1123,729823566028484608
5304,2083,729463711119904772
1736,287,729113531270991872
2881,736,728986383096946689
4281,1535,728760639972315136
2537,614,728751179681943552
3057,946,728653952833728512
4491,1821,728409960103686147
3420,875,728387165835677696
3926,1082,728046963732717569
4156,1507,728035342121635841
3782,990,728015554473250816
2721,573,727685679342333952
5380,1584,727644517743104000
4101,1080,727524757080539137
3061,670,727314416056803329
2820,744,727286334147182592
3586,1240,727175381690781696
3322,1197,727155742655025152
6289,2198,726935089318363137
3528,1365,726887082820554753
3301,912,726828223124897792
4073,1042,726224900189511680
6518,2410,725842289046749185
3845,1241,725786712245440512
4791,1604,725729321944506368
1298,554,725458796924002305
3439,1166,724983749226668032
2150,567,724771698126512129
4863,1508,724405726123311104
3974,1616,724049859469295616
2452,512,724046343203856385
3828,1387,724004602748780546
3584,1124,723912936180330496
7034,2636,723688335806480385
2786,813,723673163800948736
4858,1687,723179728551723008
3763,1430,722974582966214656
4585,1492,722613351520608256
4220,1643,721503162398597120
2343,551,721001180231503872
2860,698,720785406564900865
2250,564,720775346191278080
3782,1355,720415127506415616
5858,2259,720389942216527872
2617,873,720340705894408192
3550,1016,720059472081784833
4566,1814,720043174954147842
4476,1589,719991154352222208
4170,1293,719704490224398336
4642,1708,719551379208073216
2599,686,719367763014393856
4093,1118,719339463458033665
3178,855,719332531645071360
3200,984,718971898235854848
4800,1580,718939241951195136
17311,7211,718631497683582976
2252,427,718613305783398402
2242,920,718540630683709445
2501,474,718460005985447936
4502,1375,718454725339934721
1759,446,718246886998687744
3561,912,718234618122661888
2270,542,717841801130979328
2632,985,717790033953034240
5307,1657,717537687239008257
1475,406,717428917016076293
2887,756,717421804990701568
5792,1733,717047459982213120
2973,867,717009362452090881
3956,1048,716802964044845056
7741,1457,716791146589110272
1132,396,716730379797970944
11979,5303,716447146686459905
2193,189,716439118184652801
2554,963,716285507865542656
6239,1703,716080869887381504
2928,793,715928423106027520
3410,1282,715758151270801409
4278,1525,715733265223708672
2553,512,715704790270025728
3607,1162,715696743237730304
3964,1441,715680795826982913
5029,1408,715360349751484417
2788,621,715342466308784130
2203,587,715220193576927233
4745,1682,715200624753819648
3813,1104,715009755312439296
3425,931,714982300363173890
6744,3830,714962719905021952
3807,1277,714957620017307648
3013,897,714631576617938945
3339,828,714606013974974464
2449,1007,714485234495041536
2815,667,714258258790387713
3021,758,714251586676113411
2111,797,714214115368108032
4000,1278,714141408463036416
3039,720,713919462244790272
1747,484,713909862279876608
2614,660,713900603437621249
4458,1239,713761197720473600
4092,1184,713411074226274305
6641,2586,713177543487135744
4082,1330,713175907180089344
17524,6073,712809025985978368
11304,4503,712717840512598017
3818,1097,712668654853337088
4902,1416,712438159032893441
221,24,712309440758808576
3452,930,712097430750289920
2707,811,712092745624633345
3012,434,712085617388212225
2073,568,712065007010385924
0,121,711998809858043904
7409,2090,711968124745228288
2613,906,711743778164514816
8071,3689,711732680602345472
30221,16584,711694788429553666
3544,819,711652651650457602
3322,1016,711363825979756544
3046,677,711306686208872448
2737,559,711008018775851008
4211,1259,710997087345876993
2349,610,710844581445812225
2465,476,710833117892898816
2136,512,710658690886586372
4426,2152,710609963652087808
4170,1696,710588934686908417
2197,669,710296729921429505
1994,479,710283270106132480
4142,1138,710272297844797440
2194,1013,710269109699739648
2679,808,710153181850935296
2514,800,710140971284037632
5021,1778,710117014656950272
3221,992,709918798883774466
609,92,709901256215666688
3229,1088,709852847387627521
3255,1072,709566166965075968
3020,974,709556954897764353
1385,219,709519240576036864
2021,517,709449600415961088
2422,616,709409458133323776
2203,521,709225125749587968
11409,5170,709207347839836162
2263,589,709198395643068416
1852,608,709179584944730112
1874,365,709158332880297985
4322,1476,709042156699303936
1668,592,708853462201716736
2738,801,708845821941387268
1547,448,708834316713893888
15217,6241,708810915978854401
2535,738,708738143638450176
2333,638,708711088997666817
2336,616,708479650088034305
2850,729,708469915515297792
14656,9048,708400866336894977
3302,1199,708356463048204288
2186,676,708349470027751425
3984,1412,708149363256774660
3096,784,708130923141795840
2475,896,708119489313951744
1798,501,708109389455101952
4062,1749,708026248782585858
2863,1013,707995814724026368
45,2,707983188426153984
2483,866,707969809498152960
3008,871,707776935007539200
2289,554,707741517457260545
3728,2198,707738799544082433
3122,915,707693576495472641
2352,782,707629649552134146
15573,5709,707610948723478529
2070,632,707420581654872064
2113,543,707411934438625280
3210,1144,707387676719185920
3007,974,707377100785885184
2283,577,707315916783140866
2577,708,707297311098011648
2398,619,707059547140169728
2015,716,707038192327901184
3728,1220,707021089608753152
2112,538,707014260413456384
13414,7104,706904523814649856
1882,522,706901761596989440
3024,890,706681918348251136
2347,982,706644897839910912
1982,581,706593038911545345
3187,1287,706538006853918722
2872,929,706516534877929472
3164,842,706346369204748288
19507,7121,706310011488698368
1567,435,706291001778950144
2515,848,706265994973601792
3578,2001,706169069255446529
4714,1447,706166467411222528
1357,343,706153300320784384
2859,661,705975130514706432
2920,795,705970349788291072
2178,494,705898680587526145
1791,466,705786532653883392
2910,1026,705591895322394625
2737,823,705475953783398401
4061,1456,705442520700944385
3505,1516,705428427625635840
2769,676,705239209544720384
2372,712,705223444686888960
1956,472,705102439679201280
2012,556,705066031337840642
3958,1014,704871453724954624
2067,476,704859558691414016
4692,1363,704847917308362754
2446,895,704819833553219584
6118,2620,704761120771465216
2656,901,704499785726889984
686,71,704491224099647488
3147,978,704480331685040129
7322,3226,704364645503647744
1443,313,704347321748819968
1384,411,704134088924532736
1712,520,704113298707505153
2689,841,704054845121142784
1703,404,703774238772166656
3011,1019,703769065844768768
2357,600,703631701117943808
3542,1380,703611486317502464
3493,1218,703425003149250560
2253,623,703407252292673536
3217,1026,703382836347330562
1763,344,703356393781329922
1826,494,703268521220972544
6800,2796,703079050210877440
24302,11289,703041949650034688
2367,650,702932127499816960
1479,411,702899151802126337
2974,962,702684942141153280
2019,507,702671118226825216
11314,3127,702598099714314240
2638,865,702539513671897089
2927,1385,702332542343577600
3022,948,702321140488925184
2278,693,702276748847800320
4386,1222,702217446468493312
3155,888,701981390485725185
3535,928,701952816642965504
3242,1254,701889187134500865
3114,1505,701805642395348998
1925,415,701601587219795968
2576,838,701570477911896070
2449,549,701545186879471618
11257,4627,701214700881756160
2037,510,700890391244103680
2395,555,700864154249383937
2269,449,700847567345688576
2252,855,700796979434098688
20998,8415,700747788515020802
2389,721,700518061187723268
2103,521,700505138482569216
3779,1624,700462010979500032
2426,653,700167517596164096
2053,608,700151421916807169
6908,2429,700143752053182464
2445,611,700062718104104960
1912,528,700029284593901568
3028,1198,700002074055016451
2773,848,699801817392291840
2058,469,699788877217865730
2501,1105,699779630832685056
1802,538,699775878809702401
9441,4148,699691744225525762
5499,2396,699446877801091073
2027,464,699434518667751424
1251,288,699423671849451520
1929,569,699413908797464576
1750,391,699370870310113280
2893,783,699323444782047232
2083,562,699088579889332224
2256,570,699079609774645248
2713,1076,699072405256409088
3421,1617,699060279947165696
2397,1088,699036661657767936
3074,876,698989035503689728
2480,826,698953797952008193
2334,553,698907974262222848
2266,616,698710712454139905
1324,335,698703483621523456
1199,312,698635131305795584
2150,558,698549713696649216
1703,395,698355670425473025
2073,869,698342080612007937
4395,1793,698262614669991936
15498,5440,698195409219559425
2587,674,698178924120031232
1408,305,697995514407682048
3014,1168,697990423684476929
2198,613,697943111201378304
2775,1054,697881462549430272
1599,497,697630435728322560
2890,921,697616773278015490
2769,1132,697596423848730625
1882,452,697575480820686848
1877,991,697516214579523584
2233,599,697482927769255936
3162,1268,697463031882764288
4341,1712,697270446429966336
3038,901,697259378236399616
2842,1052,697255105972801536
2324,616,697242256848379904
2914,935,696900204696625153
2167,615,696894894812565505
4441,1627,696886256886657024
2258,636,696877980375769088
1370,328,696754882863349760
1887,834,696744641916489729
2172,583,696713835009417216
3633,1562,696518437233913856
1134,127,696490539101908992
2306,925,696488710901260288
2922,1050,696405997980676096
1775,584,696100768806522880
2756,1051,695816827381944320
2914,706,695794761660297217
1706,664,695767669421768709
4197,1890,695629776980148225
4087,1651,695446424020918272
7980,3237,695409464418041856
3333,1296,695314793360662529
2452,550,695095422348574720
2603,992,695074328191332352
1475,528,695064344191721472
2430,716,695051054296211456
2490,817,694925794720792577
2533,834,694905863685980160
32967,13057,694669722378485760
1386,251,694356675654983680
1878,540,694352839993344000
1460,431,694342028726001664
1817,449,694329668942569472
3811,1849,694206574471057408
2707,842,694183373896572928
3135,924,694001791655137281
1731,358,693993230313091072
1620,328,693942351086120961
2474,517,693647888581312512
1263,115,693644216740769793
2346,376,693642232151285760
2259,719,693629975228977152
1418,336,693622659251335168
4655,1777,693590843962331137
1515,222,693582294167244802
1626,566,693486665285931008
3082,1122,693280720173801472
2199,731,693267061318012928
2042,452,693262851218264065
2650,670,693231807727280129
7255,2890,693155686491000832
1561,549,693109034023534592
1699,404,693095443459342336
2495,696,692919143163629568
2233,790,692905862751522816
1613,536,692901601640583168
2082,713,692894228850999298
2655,795,692828166163931137
6271,3294,692752401762250755
4028,1392,692568918515392513
2903,1232,692535307825213440
1697,368,692530551048294401
1367,197,692423280028966913
8642,3131,692417313023332352
2332,744,692187005137076224
1970,718,692158366030913536
1510,354,692142790915014657
3117,1130,692041934689402880
2671,870,692017291282812928
3646,1489,691820333922455552
7482,3822,691793053716221953
2596,884,691756958957883396
1795,459,691675652215414786
2196,500,691483041324204033
3723,1020,691459709405118465
2432,751,691444869282295808
17817,6901,691416866452082688
2381,599,691321916024623104
2754,792,691096613310316544
1605,305,691090071332753408
5444,2610,690989312272396288
3309,1112,690959652130045952
3767,1747,690938899477221376
3023,906,690932576555528194
3492,1150,690735892932222976
1996,465,690728923253055490
2149,746,690690673629138944
1199,248,690649993829576704
279,14,690607260360429569
1783,546,690597161306841088
1741,406,690400367696297985
2967,760,690374419777196032
2445,791,690360449368465409
1368,461,690348396616552449
1537,370,690248561355657216
2579,922,690021994562220032
2297,659,690015576308211712
3384,1534,690005060500217858
1304,329,689999384604450816
1348,405,689993469801164801
1263,409,689977555533848577
2255,622,689905486972461056
2793,1043,689877686181715968
2015,688,689835978131935233
2994,850,689661964914655233
9515,3463,689659372465688576
2039,580,689623661272240129
10742,5010,689599056876867584
1897,404,689557536375177216
3122,1295,689517482558820352
2067,846,689289219123089408
3014,1004,689283819090870273
1821,638,689280876073582592
1051,225,689275259254616065
2347,972,689255633275777024
2854,897,689154315265683456
1863,454,689143371370250240
2491,772,688916208532455424
1941,707,688908934925697024
1920,710,688898160958271489
2057,619,688894073864884227
1276,321,688828561667567616
886,170,688804835492233216
2050,604,688789766343622656
2395,627,688547210804498433
2147,657,688519176466644993
8528,4074,688385280030670848
2076,751,688211956440801280
1977,527,688179443353796608
2604,697,688116655151435777
1594,322,688064179421470721
5010,2248,687841446767013888
2514,1008,687826841265172480
2278,862,687818504314159109
2196,657,687807801670897665
1616,594,687732144991551489
2239,764,687704180304273409
1802,470,687664829264453632
1757,527,687494652870668288
1473,221,687480748861947905
1826,481,687476254459715584
1907,490,687460506001633280
1745,551,687399393394311168
18619,8332,687317306314240000
4000,1726,687312378585812992
4963,2049,687127927494963200
2016,461,687124485711986689
5348,2225,687109925361856513
2169,870,687102708889812993
2071,551,687096057537363968
7973,2899,686947101016735744
3236,1256,686760001961103360
3196,1316,686749460672679938
3797,1087,686730991906516992
2607,729,686683045143953408
3405,1237,686618349602762752
1747,490,686606069955735556
1588,631,686394059078897668
3004,791,686386521809772549
2043,514,686377065986265092
1993,597,686358356425093120
3709,1520,686286779679375361
2063,665,686050296934563840
1060,104,686035780142297088
2837,1037,686034024800862208
2274,363,686007916130873345
1678,562,686003207160610816
1935,477,685973236358713344
1497,533,685943807276412928
6891,2581,685906723014619143
1884,110,685681090388975616
2178,507,685667379192414208
2970,1330,685663452032069632
2686,695,685641971164143616
30321,14086,685547936038666240
2803,1043,685532292383666176
8673,3575,685325112850124800
2440,578,685321586178670592
3026,944,685315239903100929
1923,395,685307451701334016
2834,1071,685268753634967552
2137,588,685198997565345792
3777,1272,685169283572338688
2215,326,684969860808454144
6284,2807,684959798585110529
2963,944,684940049151070208
3214,417,684926975086034944
3213,1320,684914660081053696
1717,463,684902183876321280
1919,723,684880619965411328
32294,19626,684830982659280897
2512,900,684800227459624960
8166,3164,684594889858887680
3804,1274,684588130326986752
2754,1101,684567543613382656
2434,854,684538444857667585
3561,1069,684481074559381504
1811,502,684460069371654144
7468,2941,684241637099323392
1139,183,684225744407494656
3510,1239,684222868335505415
1982,944,684200372118904832
1759,455,684195085588783105
3214,1046,684188786104872960
1863,592,684177701129875456
2736,1368,684147889187209216
1860,425,684122891630342144
3781,1296,684097758874210310
3509,1018,683857920510050305
1790,315,683852578183077888
2410,850,683849932751646720
2407,1018,683834909291606017
2581,970,683828599284170753
3067,1218,683773439333797890
5966,2994,683742671509258241
6779,2609,683515932363329536
2928,872,683498322573824003
2442,901,683481228088049664
2238,620,683462770029932544
3571,1455,683449695444799489
7035,2172,683391852557561860
2663,822,683357973142474752
2640,931,683142553609318400
3141,815,683111407806746624
1995,588,683098815881154561
1854,517,683078886620553216
1996,667,683030066213818368
33709,14835,682962037429899265
1626,154,682808988178739200
2278,1016,682788441537560576
1400,398,682750546109968385
1213,333,682697186228989953
2808,987,682662431982772225
1903,534,682638830361513985
3175,1042,682429480204398592
6952,1584,682406705142087680
2067,595,682393905736888321
1536,423,682389078323662849
2814,883,682303737705140231
3796,1077,682259524040966145
2962,1036,682242692827447297
16740,8849,682088079302213632
4532,1525,682059653698686977
2947,847,682047327939461121
6046,1788,682032003584274432
2856,1365,682003177596559360
2593,917,681981167097122816
2269,744,681891461017812993
11785,3680,681694085539872773
1628,399,681679526984871937
2411,819,681654059175129088
1726,416,681610798867845120
3246,1174,681579835668455424
13142,5188,681523177663676416
1516,246,681340665377193984
8546,3692,681339448655802368
2404,671,681320187870711809
3592,1618,681302363064414209
2955,852,681297372102656000
2958,993,681281657291280384
1331,235,681261549936340994
1353,469,681242418453299201
2234,437,681231109724700672
3407,1333,681193455364796417
2206,583,680970795137544192
4208,1817,680959110691590145
2921,935,680940246314430465
1909,391,680934982542561280
2208,562,680913438424612864
1609,323,680889648562991104
3179,1183,680836378243002368
1973,607,680805554198020098
2185,739,680801747103793152
2600,937,680798457301471234
2409,623,680609293079592961
3295,1186,680583894916304897
3884,1728,680497766108381184
1572,438,680494726643068929
2343,668,680473011644985345
1321,439,680440374763077632
1354,260,680221482581123072
2579,1042,680206703334408192
1974,441,680191257256136705
3552,1391,680176173301628928
2136,669,680161097740095489
3310,1556,680145970311643136
2111,854,680130881361686529
2491,822,680115823365742593
3296,1245,680100725817409536
11713,8123,680085611152338944
2382,771,680070545539371008
1788,576,679877062409191424
2011,595,679872969355714560
2244,554,679862121895714818
2608,1099,679854723806179328
2186,686,679844490799091713
33068,12540,679828447187857408
2852,993,679777920601223168
1908,714,679736210798047232
1990,747,679729593985699840
1535,425,679722016581222400
4360,1879,679530280114372609
2421,648,679527802031484928
3064,1143,679511351870550016
2905,1331,679503373272485890
1915,578,679475951516934144
29316,16942,679462823135686656
2155,1073,679405845277462528
19377,7217,679158373988876288
2549,919,679148763231985668
2697,1034,679132435750195208
5417,2305,679111216690831360
15451,7184,679062614270468097
2055,585,679047485189439488
2590,1093,679001094530465792
2064,1015,678991772295516161
1498,408,678969228704284672
2350,817,678800283649069056
3157,1026,678798276842360832
2569,819,678774928607469569
3215,1222,678767140346941444
1479,413,678764513869611008
6467,2919,678755239630127104
3391,1484,678740035362037760
5115,2178,678708137298427904
2597,1313,678675843183484930
1876,359,678643457146150913
3650,1371,678446151570427904
4989,2266,678424312106393600
3814,1607,678410210315247616
73239,28472,678399652199309312
1452,372,678396796259975168
1711,380,678389028614488064
2233,821,678380236862578688
1573,472,678341075375947776
1181,223,678334497360859136
10391,5474,678278586130948096
1446,327,678255464182861824
1739,340,678023323247357953
12341,5606,678021115718029313
3131,1521,677961670166224897
1215,364,677918531514703872
4387,1837,677895101218201600
2782,875,677716515794329600
3108,1286,677700003327029250
1118,286,677698403548192770
2254,753,677687604918272002
3028,1346,677673981332312066
1772,839,677662372920729601
1704,725,677644091929329666
1934,598,677573743309385728
1188,410,677565715327688705
2215,1014,677557565589463040
6306,3286,677547928504967168
965,204,677530072887205888
2753,1546,677335745548390400
1224,250,677334615166730240
986,207,677331501395156992
3326,1339,677328882937298944
1496,469,677314812125323265
1112,354,677301033169788928
1794,636,677269281705472000
3200,1462,677228873407442944
2477,809,677187300187611136
2525,949,676975532580409345
2021,719,676957860086095872
1182,348,676949632774234114
1956,772,676948236477857792
1575,326,676946864479084545
1869,665,676942428000112642
11584,4418,676936541936185344
2691,1611,676916996760600576
2052,648,676897532954456065
1886,623,676864501615042560
20658,13731,676821958043033607
1653,600,676819651066732545
1302,379,676811746707918848
4512,1799,676776431406465024
2611,854,676617503762681856
984,176,676613908052996102
1720,386,676606785097199616
1037,339,676603393314578432
4126,1884,676593408224403456
840,110,676590572941893632
2078,697,676588346097852417
1074,251,676582956622721024
2321,985,676575501977128964
1696,487,676533798876651520
1374,471,676496375194980353
10556,4168,676470639084101634
1560,588,676440007570247681
1263,302,676430933382295552
1893,483,676263575653122048
1091,250,676237365392908289
70712,27665,676219687039057920
1571,516,676215927814406144
2050,915,676191832485810177
1749,585,676146341966438401
1962,1024,676121918416756736
2579,1048,676101918813499392
2672,1246,676098748976615425
1180,390,676089483918516224
1445,506,675898130735476737
1921,761,675891555769696257
2114,839,675888385639251968
3780,1237,675878199931371520
1465,496,675870721063669760
2417,1132,675853064436391936
864,123,675849018447167488
2046,776,675845657354215424
1385,474,675822767435051008
956,206,675820929667219457
9302,3043,675798442703122432
1454,418,675781562965868544
1057,295,675740360753160193
1686,717,675710890956750848
1785,597,675707330206547968
583,85,675706639471788032
1662,361,675534494439489536
1065,329,675531475945709568
938,249,675522403582218240
1148,407,675517828909424640
15519,5203,675501075957489664
2819,1130,675497103322386432
1148,526,675489971617296384
1660,853,675483430902214656
1360,501,675432746517426176
1526,452,675372240448454658
941,192,675362609739206656
29408,14861,675354435921575936
3525,1998,675349384339542016
2482,1126,675334060156301312
3165,1382,675166823650848770
5580,2258,675153376133427200
3346,1496,675149409102012420
842,197,675147105808306176
1053,255,675146535592706048
1913,779,675145476954566656
1164,411,675135153782571009
1735,686,675113801096802304
867,213,675111688094527488
2517,996,675109292475830276
928,275,675047298674663426
2407,1034,675015141583413248
875,200,675006312288268288
1388,406,675003128568291329
1990,952,674999807681908736
760,315,674805413498527744
2692,747,674800520222154752
2217,950,674793399141146624
983,216,674790488185167872
718,181,674788554665512960
1803,1043,674781762103414784
981,407,674774481756377088
1625,689,674767892831932416
698,200,674764817387900928
1229,382,674754018082705410
1308,399,674752233200820224
1258,465,674743008475090944
431,44,674742531037511680
968,326,674739953134403584
580,80,674737130913071104
1024,411,674690135443775488
1444,565,674670581682434048
809,205,674664755118911488
1281,429,674646392044941312
927,241,674644256330530816
1516,509,674638615994089473
1339,501,674632714662858753
841,86,674606911342424069
5545,1774,674468880899788800
954,314,674447403907457024
988,344,674436901579923456
1280,464,674422304705744896
611,115,674416750885273600
1067,400,674410619106390016
1334,487,674394782723014656
769,280,674372068062928900
505,65,674330906434379776
1251,449,674318007229923329
10125,6016,674307341513269249
13163,5131,674291837063053312
1394,644,674271431610523648
823,202,674269164442398721
1456,727,674265582246694913
1178,382,674262580978937856
1300,464,674255168825880576
681,144,674082852460433408
887,245,674075285688614912
5714,1905,674063288070742018
2944,1126,674053186244734976
1290,431,674051556661161984
1267,564,674045139690631169
636,109,674042553264685056
975,366,674038233588723717
758,180,674036086168010753
1579,1083,674024893172875264
1012,264,674019345211760640
1386,559,674014384960745472
1083,299,674008982932058114
1747,834,673956914389192708
1057,325,673919437611909120
2839,1428,673906403526995968
840,220,673887867907739649
2780,669,673716320723169284
3159,1805,673715861853720576
937,264,673711475735838725
750,236,673709992831262724
951,253,673708611235921920
986,346,673707060090052608
1124,358,673705679337693185
1281,500,673700254269775872
3506,1690,673697980713705472
1539,569,673689733134946305
1125,438,673688752737402881
1275,376,673686845050527744
1228,414,673680198160809984
1123,326,673662677122719744
650,198,673656262056419329
990,306,673636718965334016
1425,630,673612854080196609
1062,313,673583129559498752
737,238,673580926094458881
1228,486,673576835670777856
930,266,673363615379013632
1286,592,673359818736984064
1341,491,673355879178194945
1493,471,673352124999274496
683,184,673350198937153538
2225,1098,673345638550134785
852,234,673343217010679808
1130,492,673342308415348736
11939,6868,673320132811366400
780,216,673317986296586240
6715,2741,673295268553605120
956,312,673270968295534593
1275,614,673240798075449344
1967,724,673213039743795200
1487,547,673148804208660480
1753,629,672997845381865473
844,251,672995267319328768
872,253,672988786805112832
1117,470,672984142909456390
1624,888,672980819271634944
1498,775,672975131468300288
836,302,672970152493887488
1183,469,672968025906282496
1260,557,672964561327235073
1231,422,672902681409806336
792,363,672898206762672129
1366,725,672884426393653248
908,300,672877615439593473
1152,502,672834301050937345
1109,417,672828477930868736
872,270,672640509974827008
1148,419,672622327801233409
1086,510,672614745925664768
969,338,672609152938721280
966,335,672604026190569472
1177,529,672594978741354496
840,284,672591762242805761
640,157,672591271085670400
901,316,672538107540070400
552,146,672523490734551040
990,371,672488522314567680
988,518,672482722825261057
639,110,672481316919734272
1292,606,672475084225949696
1192,447,672466075045466113
5700,2923,672272411274932228
1312,538,672267570918129665
1009,285,672264251789176834
2506,1324,672256522047614977
1272,647,672254177670729728
1527,519,672248013293752320
607,131,672245253877968896
805,275,672239279297454080
1618,876,672231046314901505
700,176,672222792075620352
1981,1005,672205392827572224
910,318,672169685991993344
765,304,672160042234327040
1540,593,672139350159835138
2116,986,672125275208069120
873,328,672095186491711488
836,318,672082170312290304
1134,439,672068090318987265
7599,3667,671896809300709376
1169,478,671891728106971137
3095,1205,671882082306625538
1243,570,671879137494245376
1103,478,671874878652489728
993,418,671866342182637568
791,371,671855973984772097
6299,2992,671789708968640512
1047,434,671768281401958400
1489,772,671763349865160704
1204,660,671744970634719232
674,200,671743150407421952
1284,652,671735591348891648
7478,3789,671729906628341761
11366,6301,671561002136281088
809,183,671550332464455680
1201,496,671547767500775424
1726,888,671544874165002241
964,483,671542985629241344
837,333,671538301157904385
1036,343,671536543010570240
895,493,671533943490011136
737,214,671528761649688577
1218,454,671520732782923777
829,251,671518598289059840
1422,605,671511350426865664
6225,3114,671504605491109889
824,387,671497587707535361
885,412,671488513339211776
509,172,671486386088865792
677,195,671485057807351808
1279,651,671390180817915904
974,257,671362598324076544
351,133,671357843010908160
420,104,671355857343524864
831,369,671347597085433856
640,176,671186162933985280
977,283,671182547775299584
779,301,671166507850801152
1454,965,671163268581498880
313,68,671159727754231808
624,186,671154572044468225
587,126,671151324042559489
582,191,671147085991960577
1021,569,671141549288370177
821,340,671138694582165504
653,162,671134062904504320
3079,2181,671122204919246848
1213,669,671115716440031232
1003,377,671109016219725825
968,241,670995969505435648
22023,7558,670842764863651840
524,165,670840546554966016
980,598,670838202509447168
382,109,670833812859932673
646,184,670832455012716544
4861,3495,670826280409919488
674,159,670823764196741120
543,83,670822709593571328
2775,1313,670815497391357952
982,230,670811965569282048
1052,425,670807719151067136
1734,815,670804601705242624
302,77,670803562457407488
659,203,670797304698376195
732,237,670792680469889025
583,210,670789397210615808
527,168,670786190031921152
721,330,670783437142401025
1347,654,670782429121134593
699,249,670780561024270336
297,62,670778058496974848
957,371,670764103623966721
392,87,670755717859713024
849,446,670733412878163972
736,312,670727704916926465
1049,416,670717338665226240
686,318,670704688707301377
517,208,670691627984359425
664,240,670679630144274432
214,35,670676092097810432
9436,4304,670668383499735048
1335,632,670474236058800128
314,77,670468609693655041
853,467,670465786746662913
489,174,670452855871037440
1073,567,670449342516494336
6043,1737,670444955656130560
580,175,670442337873600512
938,434,670435821946826752
1255,560,670434127938719744
294,100,670433248821026816
1228,520,670428280563085312
462,141,670427002554466305
1141,549,670421925039075328
537,265,670420569653809152
500,280,670417414769758208
1791,766,670411370698022913
482,187,670408998013820928
375,128,670403879788544000
489,173,670385711116361728
669,236,670374371102445568
288,55,670361874861563904
373,96,670338931251150849
3464,1065,670319130621435904
382,107,670303360680108032
622,249,670290420111441920
908,276,670093938074779648
620,217,670086499208155136
1952,1055,670079681849372674
1382,677,670073503555706880
551,205,670069087419133954
666,289,670061506722140161
592,279,670055038660800512
576,151,670046952931721218
658,96,670040295598354432
527,240,670037189829525505
295,77,670003130994700288
284,70,669993076832759809
392,133,669972011175813120
271,43,669970042633789440
444,131,669942763794931712
338,81,669926384437997569
202,50,669923323644657664
706,340,669753178989142016
227,55,669749430875258880
446,74,669684865554620416
338,93,669683899023405056
312,115,669682095984410625
584,241,669680153564442624
714,365,669661792646373376
3110,1561,669625907762618368
845,316,669603084620980224
447,131,669597912108789760
1315,800,669583744538451968
388,120,669573570759163904
1406,877,669571471778410496
202,45,669567591774625800
335,104,669564461267722241
313,62,669393256313184256
1173,626,669375718304980992
435,148,669371483794317312
405,129,669367896104181761
557,200,669363888236994561
330,103,669359674819481600
2378,1090,669354382627049472
563,225,669353438988365824
377,153,669351434509529089
905,364,669328503091937280
496,101,669327207240699904
439,182,669324657376567296
1054,346,669216679721873412
385,135,669214165781868544
887,406,669203728096960512
572,264,669037058363662336
649,323,669015743032369152
510,209,669006782128353280
18641,5502,669000397445533696
390,188,668994913074286592
657,292,668992363537309700
594,288,668989615043424256
797,389,668988183816871936
478,140,668986018524233728
478,258,668981893510119424
702,292,668979806671884288
1152,495,668975677807423489
127,18,668967877119254528
618,209,668960084974809088
241,63,668955713004314625
227,50,668932921458302977
276,87,668902994700836864
354,126,668892474547511297
475,267,668872652652679168
409,139,668852170888998912
382,112,668826086256599040
491,225,668815180734689280
627,325,668779399630725120
471,187,668655139528511488
771,457,668645506898350081
782,445,668643542311546881
943,465,668641109086707712
919,434,668636665813057536
2457,1376,668633411083464705
617,280,668631377374486528
281,97,668627278264475648
328,111,668625577880875008
1245,652,668623201287675904
181,35,668620235289837568
541,271,668614819948453888
1471,918,668587383441514497
206,46,668567822092664832
453,197,668544745690562560
403,181,668542336805281792
226,61,668537837512433665
402,189,668528771708952576
277,87,668507509523615744
358,114,668496999348633600
371,207,668484198282485761
394,127,668480044826800133
767,439,668466899341221888
556,255,668297328638447616
213,28,668291999406125056
436,116,668286279830867968
718,196,668274247790391296
483,206,668268907921326080
1148,516,668256321989451776
838,406,668248472370458624
5428,2412,668237644992782336
246,85,668226093875376128
452,168,668221241640230912
488,171,668204964695683073
576,171,668190681446379520
425,162,668171859951755264
438,272,668154635664932864
508,239,668142349051129856
582,207,668113020489474048
1112,690,667937095915278337
264,95,667924896115245057
184,46,667915453470232577
431,245,667911425562669056
757,334,667902449697558528
1645,906,667886921285246976
729,398,667885044254572545
348,101,667878741721415682
550,338,667873844930215936
2706,898,667866724293877760
222,69,667861340749471744
254,54,667832474953625600
928,416,667806454573760512
283,81,667801013445750784
606,286,667793409583771648
363,210,667782464991965184
204,44,667773195014021121
372,185,667766675769573376
324,126,667728196545200128
423,268,667724302356258817
0,28,667550904950915073
0,25,667550882905632768
5091,1944,667549055577362432
303,106,667546741521195010
761,457,667544320556335104
175,58,667538891197542400
717,443,667534815156183040
409,206,667530908589760512
1497,964,667524857454854144
332,165,667517642048163840
6040,1857,667509364010450944
485,193,667502640335572993
457,231,667495797102141441
457,189,667491009379606528
225,85,667470559035432960
171,53,667455448082227200
279,73,667453023279554560
681,486,667443425659232256
396,197,667437278097252352
267,76,667435689202614272
410,196,667405339315146752
168,50,667393430834667520
328,144,667369227918143488
425,209,667211855547486208
544,227,667200525029539841
332,86,667192066997374976
643,329,667188689915760640
12502,5254,667182792070062081
165,48,667177989038297088
524,386,667176164155375616
218,69,667174963120574464
186,72,667171260800061440
2375,965,667165590075940865
219,50,667160273090932737
42162,14567,667152164079423490
4001,1862,667138269671505920
284,105,667119796878725120
286,105,667090893657276420
351,103,667073648344346624
72,13,667070482143944705
143,40,667065535570550784
192,45,667062181243039745
163,43,667044094246576128
392,186,667012601033924608
213,79,666996132027977728
2239,842,666983947667116034
701,467,666837028449972224
183,65,666835007768551424
218,79,666826780179869698
442,209,666817836334096384
206,78,666804364988780544
657,408,666786068205871104
324,168,666781792255496192
303,148,666776908487630848
207,59,666739327293083650
371,182,666701168228331520
160,42,666691418707132416
993,524,666649482315059201
207,69,666644823164719104
447,179,666454714377183233
90,19,666447344410484738
106,40,666437273139982337
137,41,666435652385423360
276,160,666430724426358785
139,67,666428276349472768
272,91,666421158376562688
107,39,666418789513326592
371,262,666411507551481857
93,30,666407126856765440
147,68,666396247373291520
162,73,666373753744588802
649,468,666362758909284353
179,56,666353288456101888
241,122,666345417576210432
168,79,666337882303524864
424,289,666293911632134144
123,56,666287406224695296
151,66,666273097616637952
98,38,666268910803644416
12853,5459,666104133288665088
66,11,666102155909144576
134,53,666099513787052032
142,63,666094000022159362
92,37,666082916733198337
273,130,666073100786774016
127,51,666071193221509120
396,180,666063827256086533
99,47,666058600524156928
247,112,666057090499244032
367,196,666055525042405380
1023,699,666051853826850816
115,50,666050758794694657
88,36,666049248165822465
246,115,666044226329800704
100,36,666033412701032449
112,39,666029285002620928
2285,420,666020888022790149
